"Code","f","biomass","catch"
"ATF",0.0762585244267914,1297345.38,86894.7165242
