"Code","f","biomass","catch"
"ATF",0.442457673690778,131256.9868,98560.765951
