"Code","f","biomass","catch"
"ATF",0.126653580145557,1066101.94,128350.7520524
