"Code","this_f","f","biomass","catch"
"ATF",0.1,0.0596156061348094,1458913.22,86894.7165242
