"Code","f","biomass","catch"
"ATF",0.442457681674209,131300.6086,98596.0738856
