"Code","f","biomass","catch"
"ATF",0.379425493742408,193537.6548,113324.7478822
