"Code","f","biomass","catch"
"ATF",0.25315029858699,561103.18,138336.544621
