"Code","f","biomass","catch"
"ATF",0.442457044007557,220706.6354,98644.205154
