"Code","f","biomass","catch"
"ATF",0.23183898384928,622037.242,141314.673234
