"Code","f","biomass","catch"
"ATF",0.316320601107818,408307.524,127363.3917614
