"Code","f","biomass","catch"
"ATF",0.311346250844973,422687.78,138286.1140678
