"Code","f","biomass","catch"
"ATF",0.392141771203582,285953.624,127363.3917614
