"Code","f","biomass","catch"
"ATF",0.0762585254758151,1297501.96,86906.3496064
