"Code","f","biomass","catch"
"ATF",0.442457681674209,220599.0126,98596.0738856
