"Code","f","biomass","catch"
"ATF",0.15350892956837,906334.64,128386.5280014
