"Code","f","biomass","catch"
"ATF",0.0633424844750281,1459112.4,86906.3496064
