"Code","f","biomass","catch"
"ATF",0.189925585999257,773323.224,141285.5262098
