"Code","f","biomass","catch"
"ATF",0.189925588722853,622037.242,141314.673234
