"Code","this_f","f","biomass","catch"
"ATF",0.5,0.0988248209535207,773323.224,141285.5262098
