"Code","biomass","catch","f"
"ATF",560766.722,138253.8979782,0.28308519468052
