"Code","this_f","f","biomass","catch"
"ATF",NA,0.0678968789956189,220518.9008,98560.765951
