"Code","f","biomass","catch"
"ATF",0.392141208763407,286132.15,127448.644556
