"Code","f","biomass","catch"
"ATF",0.126653411943917,1066397.98,128386.5280014
