"Code","this_f","f","biomass","catch"
"ATF",NA,0.0784508764668725,299115.0644,113289.1279894
