"Code","f","biomass","catch"
"ATF",0.253150641961851,422598.642,138253.8979782
