"Code","f","biomass","catch"
"ATF",0.253150645770847,560899.64,138286.1140678
