"Code","biomass","catch","f"
"ATF",299115.0644,113289.1279894,0.476017920326107
