"Code","f","biomass","catch"
"ATF",0.379425493742408,299210.7948,113324.7478822
