"Code","f","biomass","catch"
"ATF",0.558112709634006,131256.9868,98560.765951
