"Code","f","biomass","catch"
"ATF",0.189925332517975,773740.45,141361.5690408
