"Code","f","biomass","catch"
"ATF",0.311345810640161,422836.02,138336.544621
