"Code","f","biomass","catch"
"ATF",0.442457673690778,220518.9008,98560.765951
