"Code","f","biomass","catch"
"ATF",0.0633424836093535,1297345.38,86894.7165242
