"Code","f","biomass","catch"
"ATF",0.392141777647092,286022.766,127397.633835
