"Code","f","biomass","catch"
"ATF",0.474349146896233,193482.1844,113289.1279894
