"Code","f","biomass","catch"
"ATF",0.316320606100944,286022.766,127397.633835
