"Code","f","biomass","catch"
"ATF",0.126653411943917,906334.64,128386.5280014
