"Code","this_f","f","biomass","catch"
"ATF",0.2,0.089344737444207,1065923.9,128329.6213598
