"Code","f","biomass","catch"
"ATF",0.316320165268512,286132.15,127448.644556
