"Code","f","biomass","catch"
"ATF",0.253150645770847,422687.78,138286.1140678
