"Code","biomass","catch","f"
"ATF",1458913.22,86894.7165242,0.0614087729652784
