"Code","f","biomass","catch"
"ATF",0.126653578330532,1065923.9,128329.6213598
