"Code","f","biomass","catch"
"ATF",0.474349155160612,193537.6548,113324.7478822
