"Code","f","biomass","catch"
"ATF",0.23183866424588,622237.05,141361.5690408
