"Code","f","biomass","catch"
"ATF",0.442457044007557,131363.4174,98644.205154
