"Code","f","biomass","catch"
"ATF",0.316320165268512,408581.61,127448.644556
