"Code","f","biomass","catch"
"ATF",0.379424956167571,193621.5582,113375.9763394
