"Code","f","biomass","catch"
"ATF",0.153509134025779,905957.64,128329.6213598
