"Code","biomass","catch","f"
"ATF",408307.524,127363.3917614,0.373864793871821
