"Code","f","biomass","catch"
"ATF",0.558112720355102,131300.6086,98596.0738856
