"Code","f","biomass","catch"
"ATF",0.0633424836093535,1458913.22,86894.7165242
