"Code","f","biomass","catch"
"ATF",0.316320601107818,285953.624,127363.3917614
