"Code","f","biomass","catch"
"ATF",0.0633424844750281,1297501.96,86906.3496064
