"Code","biomass","catch","f"
"ATF",220518.9008,98560.765951,0.592305580261144
