"Code","f","biomass","catch"
"ATF",0.0762584251513256,1297826.38,86928.6737944
