"Code","f","biomass","catch"
"ATF",0.153509136256099,906090.08,128350.7520524
