"Code","f","biomass","catch"
"ATF",0.0633424016853213,1459487.76,86928.6737944
