"Code","f","biomass","catch"
"ATF",0.231838980451723,621919.964,141285.5262098
