"Code","f","biomass","catch"
"ATF",0.311346246015434,422598.642,138253.8979782
