"Code","f","biomass","catch"
"ATF",0.189925585999257,621919.964,141285.5262098
