"Code","f","biomass","catch"
"ATF",0.126653580145557,906090.08,128350.7520524
