"Code","f","biomass","catch"
"ATF",0.379425487459449,299115.0644,113289.1279894
