"Code","biomass","catch","f"
"ATF",1065923.9,128329.6213598,0.128279897138552
