"Code","f","biomass","catch"
"ATF",0.0633424016853213,1297826.38,86928.6737944
