"Code","this_f","f","biomass","catch"
"ATF",0.75,0.0965984526174278,560766.722,138253.8979782
