"Code","f","biomass","catch"
"ATF",0.25315029858699,422836.02,138336.544621
