"Code","this_f","f","biomass","catch"
"ATF",1,0.088641316900767,408307.524,127363.3917614
