"Code","f","biomass","catch"
"ATF",0.474348448053883,193621.5582,113375.9763394
