"Code","f","biomass","catch"
"ATF",0.253150641961851,560766.722,138253.8979782
