"Code","f","biomass","catch"
"ATF",0.379425487459449,193482.1844,113289.1279894
