"Code","f","biomass","catch"
"ATF",0.189925332517975,622237.05,141361.5690408
