"Code","f","biomass","catch"
"ATF",0.558111864020968,131363.4174,98644.205154
