"Code","f","biomass","catch"
"ATF",0.126653578330532,905957.64,128329.6213598
