"Code","f","biomass","catch"
"ATF",0.379424956167571,299346.0382,113375.9763394
