"Code","biomass","catch","f"
"ATF",773323.224,141285.5262098,0.201748062722831
