"Code","f","biomass","catch"
"ATF",0.189925588722853,773485.462,141314.673234
