"Code","f","biomass","catch"
"ATF",0.316320606100944,408418.986,127397.633835
