"Code","f","biomass","catch"
"COD",0.171319977094843,1335283.64,183530.3517236
