"Code","f","biomass","catch"
"COD",2.48491957878885,22733.423178,44818.7438604
