"Code","f","biomass","catch"
"COD",0.72729412001745,279296.954,168684.0547146
