"Code","biomass","catch","f"
"COD",164117.1488,131322.9047068,1.61032747974153
