"Code","biomass","catch","f"
"COD",925099.22,220247.5649006,0.271913634252317
