"Code","this_f","f","biomass","catch"
"COD",0.1,0.594901964701243,925099.22,220247.5649006
