"Code","f","biomass","catch"
"COD",0.727294270731448,278963.406,168483.7757656
