"Code","f","biomass","catch"
"COD",0.933342326797141,171718.2204,134361.077086
