"Code","f","biomass","catch"
"COD",1.3987832095047,71822.12802,84925.7597096
