"Code","this_f","f","biomass","catch"
"COD",0.2,0.489893512422806,378652.144,190247.3020476
