"Code","f","biomass","catch"
"COD",0.533271950152862,465471.21,203839.522085
