"Code","f","biomass","catch"
"COD",3.83477492236121,13532.4599142,33670.573292
