"Code","this_f","f","biomass","catch"
"COD",0.75,0.199478203932552,78040.94278,88830.222654
