"Code","f","biomass","catch"
"COD",1.15525301157017,109188.9698,106427.1396886
