"Code","f","biomass","catch"
"COD",1.15525274038699,109342.8066,106576.1452488
