"Code","f","biomass","catch"
"COD",0.953747041582169,164117.1488,131322.9047068
