"Code","f","biomass","catch"
"COD",0.609033095638699,378652.144,190247.3020476
