"Code","f","biomass","catch"
"COD",1.34642194079815,78040.94278,88830.222654
