"Code","f","biomass","catch"
"COD",0.933342122044159,171941.3104,134534.6738754
