"Code","f","biomass","catch"
"COD",0.294432780682336,925099.22,220247.5649006
