"Code","biomass","catch","f"
"COD",378652.144,190247.3020476,0.698024895568548
