"Code","f","biomass","catch"
"COD",0.348594623184009,789014.266,223195.0742534
