"Code","this_f","f","biomass","catch"
"COD",NA,0.095677199282745,22733.423178,44818.7438604
