"Code","f","biomass","catch"
"COD",0.171320008291034,1334095.32,183367.1368106
