"Code","this_f","f","biomass","catch"
"COD",NA,0.0710096191786992,13532.4599142,33670.573292
