"Code","f","biomass","catch"
"COD",1.82397349733525,40582.6113,61917.9271374
