"Code","this_f","f","biomass","catch"
"COD",0.5,0.311086056946971,164117.1488,131322.9047068
