"Code","f","biomass","catch"
"COD",0.348594557261111,789801.35,223417.0981482
