"Code","f","biomass","catch"
"COD",0.533271844895913,465979.054,204061.2200862
