"Code","f","biomass","catch"
"COD",1.39878285287437,71932.8114,85055.8536164
