"Code","this_f","f","biomass","catch"
"COD",1,0.134736075011888,40582.6113,61917.9271374
