"Code","f","biomass","catch"
"FFD",0.145175672843705,34860.5986,5644.2401662
