"Code","f","biomass","catch"
"FFD",0.169315267753787,20545.530198,3742.7585592
