"Code","f","biomass","catch"
"FFD",0.0850594516756791,62258.8748,5644.447461
