"Code","f","biomass","catch"
"FFD",0.0959524176175585,62255.5074,5866.0548458
