"Code","f","biomass","catch"
"FFD",0.351838523865493,4679.672602,3198.6488614
