"Code","f","biomass","catch"
"FFD",0.047578503282456,114163.692,4775.8560902
