"Code","f","biomass","catch"
"FFD",0.298563250557381,7408.032012,3742.5994558
