"Code","f","biomass","catch"
"FFD",0.0284389399673868,158592.414,4776.1399736
