"Code","f","biomass","catch"
"FFD",0.169315268441803,7408.032012,3742.5994558
