"Code","this_f","f","biomass","catch"
"FFD",1,0.0267643485615257,28789.57198,4364.7857718
