"Code","f","biomass","catch"
"FFD",0.197211965110073,4680.411428,3199.1272066
