"Code","f","biomass","catch"
"FFD",0.141322835112776,28789.57198,4364.7857718
