"Code","biomass","catch","f"
"FFD",97232.3374,5866.0548458,0.062226834882812
