"Code","f","biomass","catch"
"FFD",0.11323684579459,20163.70614,5034.3196138
