"Code","this_f","f","biomass","catch"
"FFD",0.2,0.0361380460109463,97232.3374,5866.0548458
