"Code","f","biomass","catch"
"FFD",0.351838523665924,4680.202454,3198.985101
