"Code","f","biomass","catch"
"FFD",0.02843893984911,158597.264,4776.274426
