"Code","f","biomass","catch"
"FFD",0.0567927826475725,97228.8726,5865.8592488
