"Code","f","biomass","catch"
"FFD",0.056792782673189,97221.4746,5865.4513562
