"Code","f","biomass","catch"
"FFD",0.085059452018241,34860.5986,5644.2401662
