"Code","this_f","f","biomass","catch"
"FFD",NA,0.0195462710428612,15037.434828,3199.1272066
