"Code","f","biomass","catch"
"FFD",0.141322835753924,12042.26428,4364.1934484
