"Code","f","biomass","catch"
"FFD",0.169315268520638,20542.478852,3742.2288576
