"Code","f","biomass","catch"
"FFD",0.197211965913358,15036.739054,3198.985101
