"Code","f","biomass","catch"
"FFD",0.197211965913358,4680.202454,3198.985101
