"Code","f","biomass","catch"
"FFD",0.197211966016532,15035.084002,3198.6488614
