"Code","f","biomass","catch"
"FFD",0.085059452018241,62256.4506,5644.2401662
