"Code","f","biomass","catch"
"FFD",0.0850594516756791,34861.7888,5644.447461
