"Code","f","biomass","catch"
"FFD",0.0475785030616327,114173.054,4776.274426
