"Code","f","biomass","catch"
"FFD",0.19530741238213,20165.49848,5034.7685708
