"Code","this_f","f","biomass","catch"
"FFD",0.5,0.0347488229500925,62258.8748,5644.447461
