"Code","f","biomass","catch"
"FFD",0.169315268520638,7407.249852,3742.2288576
