"Code","biomass","catch","f"
"FFD",15037.434828,3199.1272066,0.239202065468737
