"Code","f","biomass","catch"
"FFD",0.298563249259908,7408.341798,3742.7585592
