"Code","f","biomass","catch"
"FFD",0.056792782417024,97232.3374,5866.0548458
