"Code","biomass","catch","f"
"FFD",20545.530198,3742.7585592,0.201099557368919
