"Code","f","biomass","catch"
"FFD",0.145175672901672,34857.8984,5643.7928004
