"Code","this_f","f","biomass","catch"
"FFD",0.1,0.0293248927357151,158597.264,4776.274426
