"Code","f","biomass","catch"
"FFD",0.056792782417024,62255.5074,5866.0548458
