"Code","biomass","catch","f"
"FFD",62258.8748,5644.447461,0.095037239541383
