"Code","biomass","catch","f"
"FFD",41578.01132,5034.9582724,0.129080352450633
