"Code","f","biomass","catch"
"FFD",0.195307412491835,20163.70614,5034.3196138
