"Code","f","biomass","catch"
"FFD",0.113236845279615,41578.01132,5034.9582724
