"Code","f","biomass","catch"
"FFD",0.02843893984911,114173.054,4776.274426
