"Code","f","biomass","catch"
"FFD",0.195307411565438,20166.23072,5034.9582724
