"Code","f","biomass","catch"
"FFD",0.0567927826475725,62253.5806,5865.8592488
