"Code","f","biomass","catch"
"FFD",0.113236845733607,41576.36608,5034.7685708
