"Code","f","biomass","catch"
"FFD",0.0850594520511797,34857.8984,5643.7928004
