"Code","f","biomass","catch"
"FFD",0.197211966016532,4679.672602,3198.6488614
