"Code","f","biomass","catch"
"FFD",0.246412685492433,12043.4505,4364.6104398
