"Code","f","biomass","catch"
"FFD",0.246412684427662,12043.91838,4364.7857718
