"Code","f","biomass","catch"
"FFD",0.24641268560789,12042.26428,4364.1934484
