"Code","f","biomass","catch"
"FFD",0.056792782673189,62249.4766,5865.4513562
