"Code","f","biomass","catch"
"FFD",0.113236845279615,20166.23072,5034.9582724
