"Code","f","biomass","catch"
"FFD",0.0850594520511797,62251.1324,5643.7928004
