"Code","this_f","f","biomass","catch"
"FFD",NA,0.0229061034096843,20545.530198,3742.7585592
