"Code","f","biomass","catch"
"FFD",0.0959524180590213,62249.4766,5865.4513562
