"Code","f","biomass","catch"
"FFD",0.141322835112776,12043.91838,4364.7857718
