"Code","f","biomass","catch"
"FFD",0.197211965110073,15037.434828,3199.1272066
