"Code","biomass","catch","f"
"FFD",28789.57198,4364.7857718,0.164414792646122
