"Code","f","biomass","catch"
"FFD",0.169315268441803,20544.618412,3742.5994558
