"Code","f","biomass","catch"
"FFD",0.028438939979837,158581.882,4775.8560902
