"Code","f","biomass","catch"
"FFD",0.0284389399673868,114170.032,4776.1399736
