"Code","f","biomass","catch"
"FFD",0.145175672240847,34861.7888,5644.447461
