"Code","f","biomass","catch"
"FFD",0.141322835691203,28788.3587,4364.6104398
