"Code","f","biomass","catch"
"FFD",0.11323684579459,41572.41454,5034.3196138
