"Code","f","biomass","catch"
"FFD",0.298563250706049,7407.249852,3742.2288576
