"Code","f","biomass","catch"
"FFD",0.141322835691203,12043.4505,4364.6104398
