"Code","f","biomass","catch"
"FFD",0.095952418014875,62253.5806,5865.8592488
