"Code","f","biomass","catch"
"FFD",0.0475785032614252,114170.032,4776.1399736
