"Code","this_f","f","biomass","catch"
"FFD",0.75,0.0309379510768917,41578.01132,5034.9582724
