"Code","f","biomass","catch"
"FFD",0.169315267753787,7408.341798,3742.7585592
