"Code","f","biomass","catch"
"FFD",0.028438939979837,114163.692,4775.8560902
