"Code","f","biomass","catch"
"FFD",0.141322835753924,28785.45188,4364.1934484
