"Code","f","biomass","catch"
"FFD",0.113236845733607,20165.49848,5034.7685708
