"Code","biomass","catch","f"
"FFD",158597.264,4776.274426,0.0305785371732937
