"Code","f","biomass","catch"
"FFD",0.351838522112141,4680.411428,3199.1272066
