"Code","f","biomass","catch"
"FFS",0.0771291845789526,221875.212,37271.1822032
