"Code","this_f","f","biomass","catch"
"FFS",0.75,0.124247833425883,142374.5696,41862.8579348
