"Code","f","biomass","catch"
"FFS",0.0771291826434623,221887.624,37272.9919832
