"Code","f","biomass","catch"
"FFS",0.548846803380506,38995.82856,20135.6145334
