"Code","f","biomass","catch"
"FFS",2.52644423607048,10106.69254,26168.7728998
