"Code","f","biomass","catch"
"FFS",0.389631391614686,20064.66064,33618.8388042
