"Code","f","biomass","catch"
"FFS",0.310832945597196,142383.3504,41865.4389132
