"Code","f","biomass","catch"
"FFS",0.232510394829856,221913.4534,48893.6678106
