"Code","f","biomass","catch"
"FFS",0.468951806206858,10105.63082,26167.0173154
