"Code","f","biomass","catch"
"FFS",0.389631391614686,91368.57664,33618.8388042
