"Code","f","biomass","catch"
"FFS",0.310832956588483,39359.9336,41862.8579348
