"Code","f","biomass","catch"
"FFS",0.154621553876304,134282.634,50131.0431416
