"Code","f","biomass","catch"
"FFS",0.0771291940483842,221948.706,37282.6822222
