"Code","f","biomass","catch"
"FFS",0.201432993740122,221887.624,37272.9919832
