"Code","this_f","f","biomass","catch"
"FFS",NA,0.0578153668027023,38980.08606,20127.5137108
