"Code","f","biomass","catch"
"FFS",0.548846726707497,38980.08606,20127.5137108
