"Code","f","biomass","catch"
"FFS",0.434027467171537,134238.082,50116.8500742
