"Code","this_f","f","biomass","catch"
"FFS",0.2,0.150670272646829,341454.83,50114.2769368
