"Code","f","biomass","catch"
"FFS",0.389631339590495,20054.00746,33605.9973622
