"Code","f","biomass","catch"
"FFS",0.154621553876304,341568.896,50131.0431416
