"Code","f","biomass","catch"
"FFS",1.06895901702972,39380.8844,41879.0610618
