"Code","f","biomass","catch"
"FFS",2.52644457878627,10105.63082,26167.0173154
