"Code","f","biomass","catch"
"FFS",1.06895880402618,39359.9336,41862.8579348
