"Code","f","biomass","catch"
"FFS",0.310832997194549,142429.9584,41879.0610618
