"Code","f","biomass","catch"
"FFS",0.232510365093661,74738.071,48875.73354
