"Code","f","biomass","catch"
"FFS",0.232510365093661,221831.931,48875.73354
