"Code","f","biomass","catch"
"FFS",0.389631325893196,20055.71724,33607.9205808
