"Code","f","biomass","catch"
"FFS",0.468951870251985,10111.53848,26177.5611898
