"Code","f","biomass","catch"
"FFS",0.201432999126805,221875.212,37271.1822032
