"Code","this_f","f","biomass","catch"
"FFS",0.1,0.109841334103828,507859.276,37271.1822032
