"Code","f","biomass","catch"
"FFS",0.548846726707497,5117.63886,20127.5137108
