"Code","f","biomass","catch"
"FFS",0.23251035809981,74743.7442,48878.3438944
