"Code","f","biomass","catch"
"FFS",0.713126997021933,74738.071,48875.73354
