"Code","f","biomass","catch"
"FFS",0.0771291826434623,507884.076,37272.9919832
