"Code","biomass","catch","f"
"FFS",38980.08606,20127.5137108,0.726401533143673
