"Code","f","biomass","catch"
"FFS",0.0771291845789526,507859.276,37271.1822032
