"Code","this_f","f","biomass","catch"
"FFS",0.5,0.146659440789266,221831.931,48875.73354
