"Code","f","biomass","catch"
"FFS",0.389631325893196,91338.91124,33607.9205808
