"Code","f","biomass","catch"
"FFS",0.0771291940483842,508016.834,37282.6822222
