"Code","f","biomass","catch"
"FFS",0.23251035809981,221843.6982,48878.3438944
