"Code","f","biomass","catch"
"FFS",0.468951788390029,10106.69254,26168.7728998
