"Code","biomass","catch","f"
"FFS",142374.5696,41862.8579348,0.34818714406848
