"Code","f","biomass","catch"
"FFS",0.548846803380506,5120.63776,20135.6145334
