"Code","f","biomass","catch"
"FFS",0.468951806206858,59191.70102,26167.0173154
