"Code","f","biomass","catch"
"FFS",0.20143302548128,221948.706,37282.6822222
