"Code","f","biomass","catch"
"FFS",0.310832956588483,142374.5696,41862.8579348
