"Code","f","biomass","catch"
"FFS",0.434027543985178,134282.634,50131.0431416
