"Code","f","biomass","catch"
"FFS",0.434027481009639,134229.626,50114.2769368
