"Code","f","biomass","catch"
"FFS",0.154621534499532,341454.83,50114.2769368
