"Code","biomass","catch","f"
"FFS",91333.77546,33605.9973622,0.458782178005084
