"Code","f","biomass","catch"
"FFS",0.310832945597196,39363.4764,41865.4389132
