"Code","f","biomass","catch"
"FFS",0.468951870251985,59215.61328,26177.5611898
