"Code","biomass","catch","f"
"FFS",507859.276,37271.1822032,0.076221217530589
