"Code","f","biomass","catch"
"FFS",0.310832997194549,39380.8844,41879.0610618
