"Code","biomass","catch","f"
"FFS",341454.83,50114.2769368,0.15872253250094
