"Code","f","biomass","catch"
"FFS",0.232510394829856,74773.6774,48893.6678106
