"Code","biomass","catch","f"
"FFS",59191.70102,26167.0173154,0.583526073681005
