"Code","f","biomass","catch"
"FFS",0.713127115206441,74773.6774,48893.6678106
