"Code","f","biomass","catch"
"FFS",1.06895874637019,39363.4764,41865.4389132
