"Code","biomass","catch","f"
"FFS",221831.931,48875.73354,0.248881659018374
