"Code","f","biomass","catch"
"FFS",0.468951788390029,59195.66374,26168.7728998
