"Code","f","biomass","catch"
"FFS",0.154621530241724,134238.082,50116.8500742
