"Code","this_f","f","biomass","catch"
"FFS",1,0.0984888457496358,91333.77546,33605.9973622
