"Code","f","biomass","catch"
"FFS",1.5755922945166,20054.00746,33605.9973622
