"Code","f","biomass","catch"
"FFS",0.389631339590495,91333.77546,33605.9973622
