"Code","f","biomass","catch"
"FFS",1.57559271312477,20064.66064,33618.8388042
