"Code","f","biomass","catch"
"FFS",0.548846704311519,38982.53328,20128.7855778
