"Code","f","biomass","catch"
"FFS",0.713126969225341,74743.7442,48878.3438944
