"Code","f","biomass","catch"
"FFS",0.154621530241724,341472.242,50116.8500742
