"Code","f","biomass","catch"
"FFS",2.52644581072778,10111.53848,26177.5611898
