"Code","this_f","f","biomass","catch"
"FFS",NA,0.075836273784327,59191.70102,26167.0173154
