"Code","f","biomass","catch"
"FFS",0.154621534499532,134229.626,50114.2769368
