"Code","f","biomass","catch"
"FFS",0.548846704311519,5118.16508,20128.7855778
