"Code","f","biomass","catch"
"FFS",1.57559218430248,20055.71724,33607.9205808
