"Code","biomass","catch","f"
"FHS",67427.16636,24934.4531464,0.461715390998933
