"Code","this_f","f","biomass","catch"
"FHS",NA,0.11430505587069,28356.298504,17466.501962
