"Code","f","biomass","catch"
"FHS",0.19487918551989,234334.46,25966.621351
