"Code","f","biomass","catch"
"FHS",1.16056103160909,28342.910624,17458.8349032
