"Code","f","biomass","catch"
"FHS",0.934135232546722,44722.20436,24934.4531464
