"Code","f","biomass","catch"
"FHS",0.777229038632035,48315.3942,21975.30339
