"Code","f","biomass","catch"
"FHS",0.142137138151317,267872.464,25962.8773906
