"Code","f","biomass","catch"
"FHS",0.289693569778651,157524.7588,30056.1101114
