"Code","f","biomass","catch"
"FHS",1.16056081001213,28356.826164,17466.9348578
