"Code","f","biomass","catch"
"FHS",0.605633704615322,67430.78162,24935.932831
