"Code","f","biomass","catch"
"FHS",0.142137138151317,234297.238,25962.8773906
