"Code","biomass","catch","f"
"FHS",36298.31144,19486.923282,0.769714700075379
