"Code","f","biomass","catch"
"FHS",0.96102295168542,19049.79802,19487.5561398
