"Code","biomass","catch","f"
"FHS",157524.7588,30056.1101114,0.211712202917923
