"Code","f","biomass","catch"
"FHS",0.142137176759816,234449.306,25976.7885998
