"Code","f","biomass","catch"
"FHS",1.28038499965759,28575.25644,21974.3699356
