"Code","f","biomass","catch"
"FHS",0.443732870830696,99643.8576,28077.4235126
