"Code","f","biomass","catch"
"FHS",1.74414802157084,19048.72344,19486.923282
