"Code","f","biomass","catch"
"FHS",0.961022768831442,36298.31144,19486.923282
