"Code","this_f","f","biomass","catch"
"FHS",NA,0.128411529436234,36298.31144,19486.923282
