"Code","this_f","f","biomass","catch"
"FHS",0.75,0.167468305085165,67427.16636,24934.4531464
