"Code","f","biomass","catch"
"FHS",0.777229038632035,28577.1622,21975.30339
