"Code","biomass","catch","f"
"FHS",267872.464,25962.8773906,0.101946939351364
