"Code","f","biomass","catch"
"FHS",0.443732379670174,73507.9564,28077.1610124
