"Code","f","biomass","catch"
"FHS",1.16056056966425,13167.706504,17466.501962
