"Code","f","biomass","catch"
"FHS",0.142137158368027,267909.236,25966.621351
