"Code","f","biomass","catch"
"FHS",0.409633398063435,127630.0368,30056.1101114
