"Code","f","biomass","catch"
"FHS",0.605633797207327,44727.08058,24932.3030128
