"Code","f","biomass","catch"
"FHS",1.74414905250656,19045.78374,19480.0960256
