"Code","f","biomass","catch"
"FHS",0.289693652357727,157565.5106,30065.218031
