"Code","f","biomass","catch"
"FHS",2.4970313767783,13168.346164,17466.9348578
