"Code","f","biomass","catch"
"FHS",0.289693612914754,127646.7018,30059.4503206
