"Code","f","biomass","catch"
"FHS",2.49703250374823,13164.464624,17458.8349032
