"Code","f","biomass","catch"
"FHS",0.443732379670174,99646.3784,28077.1610124
