"Code","f","biomass","catch"
"FHS",0.194879211429214,234449.306,25976.7885998
