"Code","this_f","f","biomass","catch"
"FHS",0.2,0.205634355776786,157524.7588,30056.1101114
