"Code","biomass","catch","f"
"FHS",99638.5476,28074.7863398,0.330960295622502
