"Code","f","biomass","catch"
"FHS",0.409633522482165,127688.4246,30065.218031
