"Code","f","biomass","catch"
"FHS",2.49703015444849,13167.706504,17466.501962
