"Code","f","biomass","catch"
"FHS",0.19487915703972,234297.238,25962.8773906
