"Code","f","biomass","catch"
"FHS",1.28038530354766,28577.1622,21975.30339
