"Code","this_f","f","biomass","catch"
"FHS",0.1,0.175016023389919,267872.464,25962.8773906
