"Code","f","biomass","catch"
"FHS",0.605633704615322,44725.92562,24935.932831
