"Code","f","biomass","catch"
"FHS",0.651823312137348,73507.9564,28077.1610124
