"Code","f","biomass","catch"
"FHS",0.651824120344704,73520.3476,28077.4235126
