"Code","f","biomass","catch"
"FHS",0.443732310112973,99638.5476,28074.7863398
