"Code","f","biomass","catch"
"FHS",0.651823197680611,73500.0556,28074.7863398
