"Code","f","biomass","catch"
"FHS",0.961023121362946,36284.40174,19480.0960256
