"Code","f","biomass","catch"
"FHS",1.16056056966425,28356.298504,17466.501962
