"Code","this_f","f","biomass","catch"
"FHS",0.5,0.190696493756923,99638.5476,28074.7863398
