"Code","f","biomass","catch"
"FHS",0.289693612914754,157541.2598,30059.4503206
