"Code","f","biomass","catch"
"FHS",0.777228901141744,48313.61444,21974.3699356
