"Code","f","biomass","catch"
"FHS",0.934135590919797,44727.08058,24932.3030128
