"Code","f","biomass","catch"
"FHS",0.777228901141744,28575.25644,21974.3699356
