"Code","f","biomass","catch"
"FHS",0.777229165776937,28574.26072,21969.2435594
