"Code","f","biomass","catch"
"FHS",0.934135419063076,44725.92562,24935.932831
