"Code","f","biomass","catch"
"FHS",1.16056081001213,13168.346164,17466.9348578
