"Code","f","biomass","catch"
"FHS",1.16056103160909,13164.464624,17458.8349032
