"Code","biomass","catch","f"
"FHS",28356.298504,17466.501962,0.957022921192644
