"Code","f","biomass","catch"
"FHS",1.74414855630508,19049.79802,19487.5561398
