"Code","f","biomass","catch"
"FHS",0.777229165776937,48300.64272,21969.2435594
