"Code","f","biomass","catch"
"FHS",0.289693569778651,127630.0368,30056.1101114
