"Code","f","biomass","catch"
"FHS",0.961022768831442,19048.72344,19486.923282
