"Code","f","biomass","catch"
"FHS",0.409633463054948,127646.7018,30059.4503206
