"Code","biomass","catch","f"
"FHS",48313.61444,21974.3699356,0.606653379944881
