"Code","f","biomass","catch"
"FHS",1.28038558457173,28574.26072,21969.2435594
