"Code","f","biomass","catch"
"FHS",0.142137176759816,268003.034,25976.7885998
