"Code","f","biomass","catch"
"FHS",0.443732310112973,73500.0556,28074.7863398
