"Code","f","biomass","catch"
"FHS",0.443732870830696,73520.3476,28077.4235126
