"Code","f","biomass","catch"
"FHS",0.961023121362946,19045.78374,19480.0960256
