"Code","f","biomass","catch"
"FHS",0.605633604125074,44722.20436,24934.4531464
