"Code","f","biomass","catch"
"FHS",0.605633604125074,67427.16636,24934.4531464
