"Code","f","biomass","catch"
"FHS",0.96102295168542,36299.24402,19487.5561398
