"Code","f","biomass","catch"
"FHS",0.605633797207327,67418.80458,24932.3030128
