"Code","f","biomass","catch"
"FHS",0.289693652357727,127688.4246,30065.218031
