"Code","f","biomass","catch"
"FHS",0.142137158368027,234334.46,25966.621351
