"Code","f","biomass","catch"
"HAL",0.401348483388837,167200.008,77056.3207624
