"Code","f","biomass","catch"
"HAL",0.1909976263814,336332.14,62135.8752598
