"Code","biomass","catch","f"
"HAL",169091.0304,74327.3775156,0.579051283979193
