"Code","this_f","f","biomass","catch"
"HAL",0.5,0.923789935446521,336332.14,62135.8752598
