"Code","this_f","f","biomass","catch"
"HAL",1,1.18673474612016,230526.152,71595.0624606
