"Code","f","biomass","catch"
"HAL",0.127047739938087,559974.636,67665.3033498
