"Code","biomass","catch","f"
"HAL",230526.152,71595.0624606,0.3718936045491
