"Code","f","biomass","catch"
"HAL",0.388340683689768,193183.9984,70958.2666978
