"Code","this_f","f","biomass","catch"
"HAL",NA,1.24514591650534,195872.9048,73379.5556234
