"Code","f","biomass","catch"
"HAL",0.255924899938715,272932.142,67487.480212
