"Code","biomass","catch","f"
"HAL",276042.244,68268.6726468,0.284105024492676
