"Code","this_f","f","biomass","catch"
"HAL",0.2,0.684487335283223,416071.128,51075.1494202
