"Code","f","biomass","catch"
"HAL",0.0630819682423432,517018.94,31646.1816202
