"Code","f","biomass","catch"
"HAL",0.455451947683238,156019.157,67198.0764396
