"Code","f","biomass","catch"
"HAL",0.256372027834846,317263.788,77056.3207624
