"Code","f","biomass","catch"
"HAL",0.32200005691717,244789.3578,74594.4537424
