"Code","f","biomass","catch"
"HAL",0.293900599841298,237594.178,76119.9451728
