"Code","biomass","catch","f"
"HAL",416071.128,51075.1494202,0.13096989048274
