"Code","this_f","f","biomass","catch"
"HAL",NA,1.27761612337503,169091.0304,74327.3775156
