"Code","f","biomass","catch"
"HAL",0.0938819299638131,474904.068,45154.6557532
