"Code","f","biomass","catch"
"HAL",0.127047739938087,337990.876,67665.3033498
