"Code","f","biomass","catch"
"HAL",0.256372027834846,167200.008,77056.3207624
