"Code","this_f","f","biomass","catch"
"HAL",0.75,1.08619952293747,276042.244,68268.6726468
