"Code","f","biomass","catch"
"HAL",0.126732965408366,416071.128,51075.1494202
