"Code","f","biomass","catch"
"HAL",0.388340683689768,86235.5384,70958.2666978
