"Code","f","biomass","catch"
"HAL",0.191403909791071,237594.178,76119.9451728
