"Code","f","biomass","catch"
"HAL",0.321568485143656,230526.152,71595.0624606
