"Code","f","biomass","catch"
"HAL",0.635706917930002,86235.5384,70958.2666978
