"Code","f","biomass","catch"
"HAL",0.191652874728234,337990.876,67665.3033498
