"Code","f","biomass","catch"
"HAL",0.191403909791071,419101.958,76119.9451728
