"Code","biomass","catch","f"
"HAL",336332.14,62135.8752598,0.204255038968068
