"Code","f","biomass","catch"
"HAL",0.255924876223095,276042.244,68268.6726468
