"Code","this_f","f","biomass","catch"
"HAL",0.1,0.369476708134687,519980.504,31831.5009756
