"Code","biomass","catch","f"
"HAL",519980.504,31831.5009756,0.0631706252503456
