"Code","biomass","catch","f"
"HAL",195872.9048,73379.5556234,0.469409267926259
