"Code","f","biomass","catch"
"HAL",0.321568518967834,227545.86,70656.063705
