"Code","f","biomass","catch"
"HAL",0.765262018791682,63780.553,67198.0764396
