"Code","f","biomass","catch"
"HAL",0.455247935590075,169091.0304,74327.3775156
