"Code","f","biomass","catch"
"HAL",0.51490054651793,119011.8778,74594.4537424
