"Code","f","biomass","catch"
"HAL",0.455247978474675,166414.2956,73135.371863
