"Code","f","biomass","catch"
"HAL",0.32200005691717,119011.8778,74594.4537424
