"Code","f","biomass","catch"
"HAL",0.0632597645283254,748309.068,45154.6557532
