"Code","f","biomass","catch"
"HAL",0.063081961823536,519980.504,31831.5009756
