"Code","f","biomass","catch"
"HAL",0.387987740886302,193040.8934,72304.1781144
