"Code","f","biomass","catch"
"HAL",0.126732978098275,412955.566,50685.2116092
