"Code","f","biomass","catch"
"HAL",0.455451947683238,63780.553,67198.0764396
