"Code","f","biomass","catch"
"HAL",0.387987704925217,195872.9048,73379.5556234
