"Code","f","biomass","catch"
"HAL",0.190997643296645,333172.996,61542.1952404
