"Code","f","biomass","catch"
"POL",0.266990277483066,959110.328,258787.002714
