"Code","f","biomass","catch"
"POL",0.634448118425616,282585.7272,192304.389701
