"Code","f","biomass","catch"
"POL",0.541097490113302,231691.7232,218608.8873752
