"Code","biomass","catch","f"
"POL",519660.54,242560.278731,0.628796395973957
