"Code","f","biomass","catch"
"POL",0.580707286854611,336471.506,242692.9679534
