"Code","f","biomass","catch"
"POL",0.634448118425616,159425.0072,192304.389701
