"Code","f","biomass","catch"
"POL",0.266990326287765,697058.366,258910.9275732
