"Code","f","biomass","catch"
"POL",0.357466170223396,706979.782,259000.4327586
