"Code","f","biomass","catch"
"POL",0.357466328011957,708093.316,259392.8813516
