"Code","f","biomass","catch"
"POL",0.177298364869593,1291641.372,228401.4851464
