"Code","biomass","catch","f"
"POL",959110.328,258787.002714,0.314463991435401
