"Code","f","biomass","catch"
"POL",0.266990392345449,960583.036,259169.0122952
