"Code","f","biomass","catch"
"POL",0.0883217446586322,1365458.4,149760.4717042
