"Code","f","biomass","catch"
"POL",0.108672156102543,1365458.4,149760.4717042
