"Code","f","biomass","catch"
"POL",0.266990326287765,959586.806,258910.9275732
