"Code","f","biomass","catch"
"POL",0.711429129006769,231980.9378,218838.8244704
