"Code","f","biomass","catch"
"POL",0.0883217446586322,1720729.3,149760.4717042
