"Code","f","biomass","catch"
"POL",0.220540118144414,984118.332,228401.4851464
