"Code","f","biomass","catch"
"POL",0.266990277483066,696713.008,258787.002714
