"Code","this_f","f","biomass","catch"
"POL",0.2,0.128546235624796,1291641.372,228401.4851464
