"Code","f","biomass","catch"
"POL",0.448804346892718,336281.82,242560.278731
