"Code","f","biomass","catch"
"POL",0.448804346892718,519660.54,242560.278731
