"Code","f","biomass","catch"
"POL",0.580707166848623,336281.82,242560.278731
