"Code","biomass","catch","f"
"POL",382385.3878,218489.0563184,0.847194865790383
