"Code","f","biomass","catch"
"POL",0.634448293436459,282907.1232,192512.8652942
