"Code","f","biomass","catch"
"POL",0.336086268195368,697058.366,258910.9275732
