"Code","this_f","f","biomass","catch"
"POL",0.75,0.147094395017257,706979.782,259000.4327586
