"Code","f","biomass","catch"
"POL",0.448804550313264,336879.652,242944.0649776
