"Code","this_f","f","biomass","catch"
"POL",NA,0.122610652081572,382385.3878,218489.0563184
