"Code","f","biomass","catch"
"POL",0.448804550313264,520519.712,242944.0649776
