"Code","biomass","catch","f"
"POL",282413.5554,192190.7115732,1.14108985266767
