"Code","f","biomass","catch"
"POL",0.336086354420819,697853.336,259169.0122952
