"Code","f","biomass","catch"
"POL",0.849233383930916,159630.9832,192512.8652942
