"Code","f","biomass","catch"
"POL",0.849232925088011,159326.4754,192190.7115732
