"Code","f","biomass","catch"
"POL",0.177298364869593,984118.332,228401.4851464
