"Code","biomass","catch","f"
"POL",1718417.98,149564.7154812,0.0910591407796695
