"Code","f","biomass","catch"
"POL",0.448804433233127,519955.586,242692.9679534
