"Code","f","biomass","catch"
"POL",0.448804433233127,336471.506,242692.9679534
