"Code","f","biomass","catch"
"POL",0.634448293436459,159630.9832,192512.8652942
