"Code","biomass","catch","f"
"POL",706979.782,259000.4327586,0.45625493269016
