"Code","f","biomass","catch"
"POL",0.177298439267621,985616.2,228718.7089016
