"Code","f","biomass","catch"
"POL",0.177298396498623,1292249.976,228506.4355882
