"Code","f","biomass","catch"
"POL",0.357466237238793,707343.206,259129.5518124
