"Code","f","biomass","catch"
"POL",0.455899178405938,486239.582,259000.4327586
