"Code","f","biomass","catch"
"POL",0.541097383202089,231558.9278,218489.0563184
