"Code","f","biomass","catch"
"POL",0.634447989571981,282413.5554,192190.7115732
