"Code","f","biomass","catch"
"POL",0.455899390500033,487064.796,259392.8813516
