"Code","f","biomass","catch"
"POL",0.541097383202089,382385.3878,218489.0563184
