"Code","f","biomass","catch"
"POL",0.108672111142855,1363527.72,149564.7154812
