"Code","f","biomass","catch"
"POL",0.0883217238773942,1364132.38,149629.7628432
