"Code","f","biomass","catch"
"POL",0.580707449586271,336879.652,242944.0649776
