"Code","f","biomass","catch"
"POL",0.220540158376233,984581.716,228506.4355882
