"Code","f","biomass","catch"
"POL",0.711428765019382,231558.9278,218489.0563184
