"Code","f","biomass","catch"
"POL",0.357466237238793,486491.386,259129.5518124
