"Code","f","biomass","catch"
"POL",0.220540212777984,985616.2,228718.7089016
