"Code","f","biomass","catch"
"POL",0.541097635206528,231980.9378,218838.8244704
