"Code","this_f","f","biomass","catch"
"POL",1,0.137086124452682,519660.54,242560.278731
