"Code","f","biomass","catch"
"POL",0.0883217084942478,1718417.98,149564.7154812
