"Code","f","biomass","catch"
"POL",0.0883217084942478,1363527.72,149564.7154812
