"Code","f","biomass","catch"
"POL",0.455899268485787,486491.386,259129.5518124
