"Code","this_f","f","biomass","catch"
"POL",0.1,0.0822849750207815,1718417.98,149564.7154812
