"Code","f","biomass","catch"
"POL",0.108672130267236,1364132.38,149629.7628432
