"Code","f","biomass","catch"
"POL",0.177298439267621,1293498.46,228718.7089016
