"Code","f","biomass","catch"
"POL",0.336086204490332,696713.008,258787.002714
