"Code","f","biomass","catch"
"POL",0.357466328011957,487064.796,259392.8813516
