"Code","f","biomass","catch"
"POL",0.266990392345449,697853.336,259169.0122952
