"Code","f","biomass","catch"
"POL",0.711428919438615,231691.7232,218608.8873752
