"Code","f","biomass","catch"
"POL",0.634447989571981,159326.4754,192190.7115732
