"Code","this_f","f","biomass","catch"
"POL",0.5,0.146963821399387,959110.328,258787.002714
