"Code","f","biomass","catch"
"POL",0.357466170223396,486239.582,259000.4327586
