"Code","f","biomass","catch"
"POL",0.0883217238773942,1719176.24,149629.7628432
