"Code","biomass","catch","f"
"POL",1291641.372,228401.4851464,0.194593047412745
