"Code","f","biomass","catch"
"POL",0.541097490113302,382601.9432,218608.8873752
