"Code","f","biomass","catch"
"POL",0.541097635206528,383023.9778,218838.8244704
