"Code","f","biomass","catch"
"POL",0.84923311966019,159425.0072,192304.389701
