"Code","this_f","f","biomass","catch"
"POL",NA,0.107031773453234,282413.5554,192190.7115732
