"Code","f","biomass","catch"
"POL",0.177298396498623,984581.716,228506.4355882
