"Code","f","biomass","catch"
"POP",0.103709203224087,27762.26566,2544.9413564
