"Code","f","biomass","catch"
"POP",0.0211919021649079,56072.4074,1440.381524
