"Code","f","biomass","catch"
"POP",0.0629038678115027,38043.99904,2470.6405078
