"Code","f","biomass","catch"
"POP",0.0858724500874671,27749.121,2612.8893154
