"Code","f","biomass","catch"
"POP",0.0421604255662087,42114.2218,2006.4052616
