"Code","f","biomass","catch"
"POP",0.0301912319343376,60905.458,1548.0900286
