"Code","f","biomass","catch"
"POP",0.119342432230523,20181.52884,2722.4324176
