"Code","f","biomass","catch"
"POP",0.123768192828575,19891.700334,2053.7072746
