"Code","f","biomass","catch"
"POP",0.0904367085279736,21534.74446,2173.2362422
