"Code","f","biomass","catch"
"POP",0.180456208698538,24750.484834,2516.614873
