"Code","f","biomass","catch"
"POP",0.0603369497974531,29900.6318,2006.4052616
