"Code","f","biomass","catch"
"POP",0.310208660703913,4265.02441,2188.7862002
