"Code","this_f","f","biomass","catch"
"POP",NA,0.026032600325439,12368.424834,2516.614873
