"Code","f","biomass","catch"
"POP",0.0904367058118934,24493.63104,2470.6405078
