"Code","f","biomass","catch"
"POP",0.120490089505805,31964.96284,2544.7220404
