"Code","f","biomass","catch"
"POP",0.0421604243196487,47121.8854,2216.8171768
