"Code","f","biomass","catch"
"POP",0.150496710596668,27762.26566,2544.9413564
