"Code","this_f","f","biomass","catch"
"POP",0.5,0.0255508998226233,24493.63104,2470.6405078
