"Code","f","biomass","catch"
"POP",0.180456214165409,10084.624334,2053.7072746
