"Code","f","biomass","catch"
"POP",0.150496715142557,22818.99662,2123.950686
