"Code","f","biomass","catch"
"POP",0.0301912328393833,43031.4994,1440.381524
