"Code","f","biomass","catch"
"POP",0.218651505146044,8362.68322,2562.207068
