"Code","biomass","catch","f"
"POP",24493.63104,2470.6405078,0.106326194313277
