"Code","biomass","catch","f"
"POP",10409.16856,2478.7902568,0.271986270250305
