"Code","f","biomass","catch"
"POP",0.120490093134069,16139.8004,2177.8522632
