"Code","f","biomass","catch"
"POP",0.0426913545031986,43011.8286,1879.1288358
