"Code","f","biomass","catch"
"POP",0.103709206282768,22818.99662,2123.950686
