"Code","f","biomass","catch"
"POP",0.264101185433588,5900.789824,2374.7911142
