"Code","f","biomass","catch"
"POP",0.0603369497974531,42114.2218,2006.4052616
