"Code","f","biomass","catch"
"POP",0.180456214165409,19891.700334,2053.7072746
