"Code","f","biomass","catch"
"POP",0.0211919015325004,60905.458,1548.0900286
