"Code","f","biomass","catch"
"POP",0.0603369479970396,33047.4474,2216.8171768
