"Code","this_f","f","biomass","catch"
"POP",0.75,0.0263272100070752,18870.40484,2544.7220404
