"Code","f","biomass","catch"
"POP",0.0895819398890582,27641.37934,2788.9814492
