"Code","f","biomass","catch"
"POP",0.210368258781329,17745.777036,1983.31492
