"Code","f","biomass","catch"
"POP",0.0603369479970396,47121.8854,2216.8171768
