"Code","biomass","catch","f"
"POP",46258.094,1548.0900286,0.0340391749805287
