"Code","f","biomass","catch"
"POP",0.149051652232337,15150.86162,2562.207068
