"Code","biomass","catch","f"
"POP",15054.53766,2544.9413564,0.185183397336979
