"Code","this_f","f","biomass","catch"
"POP",NA,0.0256362726243679,10409.16856,2478.7902568
