"Code","f","biomass","catch"
"POP",0.123768189186454,24750.484834,2516.614873
