"Code","f","biomass","catch"
"POP",0.0301912319343376,46258.094,1548.0900286
