"Code","f","biomass","catch"
"POP",0.0629038696745339,32996.40246,2173.2362422
