"Code","f","biomass","catch"
"POP",0.150496715142557,12554.74662,2123.950686
