"Code","f","biomass","catch"
"POP",0.0834206311655115,26951.6024,2177.8522632
