"Code","this_f","f","biomass","catch"
"POP",0.2,0.0228956121100111,33047.4474,2216.8171768
