"Code","f","biomass","catch"
"POP",0.0834206287004105,31964.96284,2544.7220404
