"Code","f","biomass","catch"
"POP",0.180456208698538,12368.424834,2516.614873
