"Code","f","biomass","catch"
"POP",0.210368258781329,8320.416236,1983.31492
