"Code","this_f","f","biomass","catch"
"POP",0.1,0.0159335184136583,46258.094,1548.0900286
