"Code","this_f","f","biomass","catch"
"POP",1,0.0263295091434126,15054.53766,2544.9413564
