"Code","f","biomass","catch"
"POP",0.208313566024165,9186.20321,2188.7862002
