"Code","f","biomass","catch"
"POP",0.0904367085279736,32996.40246,2173.2362422
