"Code","f","biomass","catch"
"POP",0.120490089505805,18870.40484,2544.7220404
