"Code","f","biomass","catch"
"POP",0.150496710596668,15054.53766,2544.9413564
