"Code","biomass","catch","f"
"POP",18870.40484,2544.7220404,0.144855313625896
