"Code","f","biomass","catch"
"POP",0.0301912328393833,56072.4074,1440.381524
