"Code","f","biomass","catch"
"POP",0.0597708814096712,38940.929,2612.8893154
