"Code","f","biomass","catch"
"POP",0.173820434368737,12161.47484,2722.4324176
