"Code","f","biomass","catch"
"POP",0.178708916635116,11666.047024,2374.7911142
