"Code","f","biomass","catch"
"POP",0.210368252392373,22516.76656,2478.7902568
