"Code","biomass","catch","f"
"POP",12368.424834,2516.614873,0.227491650015949
