"Code","biomass","catch","f"
"POP",33047.4474,2216.8171768,0.0694356452513551
