"Code","f","biomass","catch"
"POP",0.0904367058118934,38043.99904,2470.6405078
