"Code","f","biomass","catch"
"POP",0.143596287927136,22516.76656,2478.7902568
