"Code","f","biomass","catch"
"POP",0.129571863002161,18156.22254,2788.9814492
