"Code","f","biomass","catch"
"POP",0.14359629214086,17745.777036,1983.31492
