"Code","f","biomass","catch"
"POP",0.210368252392373,10409.16856,2478.7902568
