"Code","f","biomass","catch"
"POP",0.120490093134069,26951.6024,2177.8522632
