"Code","f","biomass","catch"
"POP",0.0299099847400923,56133.5466,1879.1288358
