"Code","f","biomass","catch"
"REX",0.516731586837561,17948.784066,12524.7390554
