"Code","f","biomass","catch"
"REX",0.251334048506382,51435.52934,13575.0595272
