"Code","f","biomass","catch"
"REX",0.825458938707189,7586.9467284,10347.0282236
