"Code","f","biomass","catch"
"REX",0.335872526709008,35641.957258,12525.7248254
