"Code","f","biomass","catch"
"REX",0.0834319358325211,137632.8856,12145.1981634
