"Code","f","biomass","catch"
"REX",0.506324313258204,19654.9667284,10347.0282236
