"Code","this_f","f","biomass","catch"
"REX",0.75,0.109077976758828,35643.992738,12526.4604158
