"Code","f","biomass","catch"
"REX",0.592332709404013,5203.98631722,9392.3650284
