"Code","f","biomass","catch"
"REX",0.506324314750168,7586.3236,10346.2316066
