"Code","biomass","catch","f"
"REX",25986.393292,11405.1078926,0.577834181591985
