"Code","f","biomass","catch"
"REX",0.825458921124988,7587.4560694,10347.6948112
