"Code","f","biomass","catch"
"REX",0.335872520833798,17951.440738,12526.4604158
