"Code","this_f","f","biomass","catch"
"REX",NA,0.0806628688797739,15291.98981516,9393.7213942
