"Code","f","biomass","catch"
"REX",0.245628381090314,53306.89198,14077.6619308
