"Code","f","biomass","catch"
"REX",0.0834319357787161,105074.6224,12146.0147642
