"Code","this_f","f","biomass","catch"
"REX",0.2,0.123452579519098,79882.24398,14077.6619308
