"Code","f","biomass","catch"
"REX",0.665330815332101,11428.246694,11403.469748
