"Code","f","biomass","catch"
"REX",0.251334043542324,51442.1141,13576.8345402
