"Code","f","biomass","catch"
"REX",0.592332707420037,5204.42448636,9393.0969736
