"Code","f","biomass","catch"
"REX",0.516731585389848,17950.279258,12525.7248254
