"Code","f","biomass","catch"
"REX",0.0834319342632064,105080.724,12146.7120484
