"Code","f","biomass","catch"
"REX",0.665330813311984,11429.273016,11404.4250916
