"Code","f","biomass","catch"
"REX",0.420854311897643,11429.997292,11405.1078926
