"Code","f","biomass","catch"
"REX",0.335872520833798,35643.992738,12526.4604158
