"Code","f","biomass","catch"
"REX",0.335872527563164,17948.784066,12524.7390554
