"Code","f","biomass","catch"
"REX",0.167199236190957,79878.06054,14076.9013054
