"Code","f","biomass","catch"
"REX",0.377391037507524,29797.1921,13576.8345402
