"Code","f","biomass","catch"
"REX",1.0002848046906,5204.42448636,9393.0969736
