"Code","f","biomass","catch"
"REX",0.251334043542324,29797.1921,13576.8345402
