"Code","f","biomass","catch"
"REX",0.120163398346565,105080.724,12146.7120484
