"Code","f","biomass","catch"
"REX",0.592332696769217,5204.78161516,9393.7213942
