"Code","f","biomass","catch"
"REX",0.251334048506382,29793.05734,13575.0595272
