"Code","f","biomass","catch"
"REX",0.0834319357787161,137641.9844,12146.0147642
