"Code","f","biomass","catch"
"REX",0.167199236190957,53303.90654,14076.9013054
