"Code","f","biomass","catch"
"REX",0.16719923649324,53299.91618,14075.8933028
