"Code","f","biomass","catch"
"REX",0.335872527563164,35639.236066,12524.7390554
