"Code","f","biomass","catch"
"REX",0.16719923649324,79872.43418,14075.8933028
