"Code","biomass","catch","f"
"REX",79882.24398,14077.6619308,0.193864128128
