"Code","f","biomass","catch"
"REX",0.16719923326564,53306.89198,14077.6619308
