"Code","this_f","f","biomass","catch"
"REX",1,0.0988138643435166,25986.393292,11405.1078926
