"Code","f","biomass","catch"
"REX",0.420854319362115,25984.897016,11404.4250916
