"Code","this_f","f","biomass","catch"
"REX",0.1,0.105590203044699,137649.686,12146.7120484
