"Code","f","biomass","catch"
"REX",0.120163400570439,105074.6224,12146.0147642
