"Code","f","biomass","catch"
"REX",0.251334047965427,51439.32806,13576.0888938
