"Code","f","biomass","catch"
"REX",0.37739104547245,29793.05734,13575.0595272
