"Code","f","biomass","catch"
"REX",0.0834319358325211,105067.3436,12145.1981634
