"Code","f","biomass","catch"
"REX",0.506324314750168,19653.4896,10346.2316066
