"Code","this_f","f","biomass","catch"
"REX",NA,0.0892305805054334,19656.1880694,10347.6948112
