"Code","f","biomass","catch"
"REX",0.420854319362115,11429.273016,11404.4250916
