"Code","f","biomass","catch"
"REX",1.00028478203615,5204.78161516,9393.7213942
