"Code","biomass","catch","f"
"REX",35643.992738,12526.4604158,0.432989321374602
