"Code","f","biomass","catch"
"REX",0.120163400649393,105067.3436,12145.1981634
