"Code","f","biomass","catch"
"REX",0.251334047965427,29795.41206,13576.0888938
