"Code","f","biomass","catch"
"REX",0.506324304224294,7587.4560694,10347.6948112
