"Code","f","biomass","catch"
"REX",0.592332696769217,15291.98981516,9393.7213942
