"Code","f","biomass","catch"
"REX",0.825458941610916,7586.3236,10346.2316066
