"Code","f","biomass","catch"
"REX",0.24562838556573,53303.90654,14076.9013054
