"Code","f","biomass","catch"
"REX",0.335872526709008,17950.279258,12525.7248254
