"Code","f","biomass","catch"
"REX",0.592332709404013,15289.82711722,9392.3650284
