"Code","biomass","catch","f"
"REX",51442.1141,13576.8345402,0.306422591847191
