"Code","f","biomass","catch"
"REX",1.00028480891054,5203.98631722,9392.3650284
