"Code","f","biomass","catch"
"REX",0.16719923326564,79882.24398,14077.6619308
