"Code","f","biomass","catch"
"REX",0.592332707420037,15290.99128636,9393.0969736
