"Code","f","biomass","catch"
"REX",0.51673157543193,17951.440738,12526.4604158
