"Code","f","biomass","catch"
"REX",0.377391044604477,29795.41206,13576.0888938
