"Code","biomass","catch","f"
"REX",137649.686,12146.7120484,0.0923824953216046
