"Code","f","biomass","catch"
"REX",0.665330799829404,11429.997292,11405.1078926
