"Code","f","biomass","catch"
"REX",0.42085432048053,25982.800694,11403.469748
