"Code","f","biomass","catch"
"REX",0.506324304224294,19656.1880694,10347.6948112
