"Code","f","biomass","catch"
"REX",0.24562838602819,53299.91618,14075.8933028
