"Code","biomass","catch","f"
"REX",15291.98981516,9393.7213942,0.952670329947111
