"Code","f","biomass","catch"
"REX",0.0834319342632064,137649.686,12146.7120484
