"Code","f","biomass","catch"
"REX",0.506324313258204,7586.9467284,10347.0282236
