"Code","f","biomass","catch"
"REX",0.42085432048053,11428.246694,11403.469748
