"Code","this_f","f","biomass","catch"
"REX",0.5,0.118788910163662,51442.1141,13576.8345402
