"Code","f","biomass","catch"
"REX",0.420854311897643,25986.393292,11405.1078926
