"Code","biomass","catch","f"
"REX",19656.1880694,10347.6948112,0.747464966246616
