"Code","f","biomass","catch"
"RFP",0.208729152405844,5210.551762,1155.4532028
