"Code","biomass","catch","f"
"RFP",24088.5686,763.4355384,0.0322059446208956
