"Code","f","biomass","catch"
"RFP",0.0896527222886691,12285.67856,1168.3214414
