"Code","this_f","f","biomass","catch"
"RFP",0.5,0.0425837313555006,12613.63682,1198.3033932
