"Code","f","biomass","catch"
"RFP",0.0299256446992226,26029.9016,825.1840972
