"Code","f","biomass","catch"
"RFP",0.149211166332284,4380.787158,1058.834576
