"Code","f","biomass","catch"
"RFP",0.271913489244765,2315.086278,903.8122202
