"Code","f","biomass","catch"
"RFP",0.119453243511574,6270.33276,1130.0100902
