"Code","biomass","catch","f"
"RFP",17093.7618,1082.968763,0.0654505302970986
