"Code","biomass","catch","f"
"RFP",12613.63682,1198.3033932,0.0998210269218657
