"Code","this_f","f","biomass","catch"
"RFP",0.1,0.0269195354256284,24088.5686,763.4355384
