"Code","this_f","f","biomass","catch"
"RFP",1,0.0430919503813124,7657.57302,1212.2987472
