"Code","f","biomass","catch"
"RFP",0.0896680302021881,12613.63682,1198.3033932
