"Code","f","biomass","catch"
"RFP",0.208597537406149,4063.430078,903.8122202
