"Code","f","biomass","catch"
"RFP",0.0598100394629152,14076.27572,1113.3916348
