"Code","f","biomass","catch"
"RFP",0.17901728272936,6241.922476,1186.0344278
