"Code","biomass","catch","f"
"RFP",7657.57302,1212.2987472,0.172347904039118
