"Code","biomass","catch","f"
"RFP",6241.922476,1186.0344278,0.210734709800294
