"Code","f","biomass","catch"
"RFP",0.0299245731682814,24088.5686,763.4355384
