"Code","f","biomass","catch"
"RFP",0.208597537406149,2315.086278,903.8122202
