"Code","f","biomass","catch"
"RFP",0.149269771423185,7657.57302,1212.2987472
