"Code","f","biomass","catch"
"RFP",0.119453243511574,8909.23496,1130.0100902
