"Code","f","biomass","catch"
"RFP",0.0379934022428375,22042.9482,825.1840972
