"Code","f","biomass","catch"
"RFP",0.114775333414386,9248.99856,1168.3214414
