"Code","f","biomass","catch"
"RFP",0.192708245063503,4380.787158,1058.834576
