"Code","f","biomass","catch"
"RFP",0.11948666425259,9665.26974,1224.088933
