"Code","f","biomass","catch"
"RFP",0.179017309360454,5849.35199,1112.1331178
