"Code","f","biomass","catch"
"RFP",0.0598100394629152,17563.51952,1113.3916348
