"Code","f","biomass","catch"
"RFP",0.0299245775416764,23555.727,746.6883062
