"Code","this_f","f","biomass","catch"
"RFP",0.2,0.0384053433727643,17093.7618,1082.968763
