"Code","this_f","f","biomass","catch"
"RFP",NA,0.0421384157479162,6241.922476,1186.0344278
