"Code","f","biomass","catch"
"RFP",0.208729183569409,4846.743566,1075.518196
