"Code","f","biomass","catch"
"RFP",0.232143634863431,3145.845264,980.0454658
