"Code","f","biomass","catch"
"RFP",0.14926979355772,7233.83692,1145.8424292
