"Code","this_f","f","biomass","catch"
"RFP",NA,0.0410292989223437,5210.551762,1155.4532028
