"Code","biomass","catch","f"
"RFP",5210.551762,1155.4532028,0.250710761702359
