"Code","this_f","f","biomass","catch"
"RFP",0.75,0.0435202927693405,9665.26974,1224.088933
