"Code","f","biomass","catch"
"RFP",0.0598139705026294,16577.8736,1050.5803138
