"Code","f","biomass","catch"
"RFP",0.119486681895398,9208.9914,1166.8455456
