"Code","f","biomass","catch"
"RFP",0.0896680434070727,12125.36288,1152.3504144
