"Code","f","biomass","catch"
"RFP",0.0598139617490027,17093.7618,1082.968763
