"Code","f","biomass","catch"
"RFP",0.076247510456129,14076.27572,1113.3916348
