"Code","f","biomass","catch"
"RFP",0.17892606736844,5144.891864,980.0454658
