"Code","f","biomass","catch"
"RFP",0.153590684460293,6270.33276,1130.0100902
