"Code","f","biomass","catch"
"RFP",0.17892606736844,3145.845264,980.0454658
