"Code","f","biomass","catch"
"RFP",0.0299256446992226,22042.9482,825.1840972
