"Code","biomass","catch","f"
"RFP",9665.26974,1224.088933,0.135416816356084
