"Code","f","biomass","catch"
"RFP",0.0896527222886691,9248.99856,1168.3214414
