"Code","f","biomass","catch"
"RFP",0.149211166332284,6674.911358,1058.834576
