"Code","this_f","f","biomass","catch"
"RFS",NA,0.0267766225936105,74707.13088,7466.9779382
