"Code","this_f","f","biomass","catch"
"RFS",0.5,0.0246228768563361,136995.6444,6873.74696
