"Code","f","biomass","catch"
"RFS",0.0625900955745256,105616.197,7058.503457
