"Code","this_f","f","biomass","catch"
"RFS",NA,0.0263879919203369,63207.43916,7360.0273704
