"Code","f","biomass","catch"
"RFS",0.0156551193117139,222789.482,3735.0996202
