"Code","biomass","catch","f"
"RFS",63207.43916,7360.0273704,0.123798820185891
