"Code","f","biomass","catch"
"RFS",0.109480786127119,59502.0485,6931.0947712
