"Code","biomass","catch","f"
"RFS",74707.13088,7466.9779382,0.105304964720134
