"Code","f","biomass","catch"
"RFS",0.063768935234914,115483.2946,7578.5032906
