"Code","f","biomass","catch"
"RFS",0.106841891633161,64870.3462,7779.377986
