"Code","f","biomass","catch"
"RFS",0.0470623145157477,115483.2946,7578.5032906
