"Code","f","biomass","catch"
"RFS",0.109709358664683,60138.38438,7057.0199418
