"Code","biomass","catch","f"
"RFS",89744.1914,7485.317654,0.087092034181408
