"Code","f","biomass","catch"
"RFS",0.0313051356854141,174604.9772,5847.4757214
