"Code","f","biomass","catch"
"RFS",0.0852472890484798,85988.1766,7872.6268828
