"Code","f","biomass","catch"
"RFS",0.0627351312086219,85988.1766,7872.6268828
