"Code","f","biomass","catch"
"RFS",0.0625900949190731,109782.0028,7335.081257
