"Code","f","biomass","catch"
"RFS",0.0940586772945271,49526.04666,7473.86812
