"Code","f","biomass","catch"
"RFS",0.0313821691655251,157210.3406,6588.9180188
