"Code","f","biomass","catch"
"RFS",0.0156947217858046,216691.492,4365.4402878
