"Code","this_f","f","biomass","catch"
"RFS",0.1,0.0135711209592493,227252.234,3809.4536066
