"Code","f","biomass","catch"
"RFS",0.128556053142825,49526.04666,7473.86812
