"Code","f","biomass","catch"
"RFS",0.0938553683561808,70844.22496,7083.2146836
