"Code","f","biomass","catch"
"RFS",0.0782251598001391,89744.1914,7485.317654
