"Code","biomass","catch","f"
"RFS",174604.9772,5847.4757214,0.0340633673281763
