"Code","f","biomass","catch"
"RFS",0.0313051360139991,170203.9406,5701.0207928
