"Code","biomass","catch","f"
"RFS",136995.6444,6873.74696,0.0514774488913793
