"Code","f","biomass","catch"
"RFS",0.109709358664683,38214.77838,7057.0199418
