"Code","this_f","f","biomass","catch"
"RFS",1,0.0268432795452934,89744.1914,7485.317654
