"Code","biomass","catch","f"
"RFS",109782.0028,7335.081257,0.0691517808667064
