"Code","this_f","f","biomass","catch"
"RFS",0.75,0.0262973659215522,109782.0028,7335.081257
