"Code","f","biomass","catch"
"RFS",0.109480784966463,63207.43916,7360.0273704
