"Code","f","biomass","catch"
"RFS",0.0782251606266258,85726.0508,7152.2540688
