"Code","f","biomass","catch"
"RFS",0.0784005936556692,92708.3622,7779.377986
