"Code","f","biomass","catch"
"RFS",0.0211483169325387,216691.492,4365.4402878
