"Code","biomass","catch","f"
"RFS",227252.234,3809.4536066,0.0169051984533416
