"Code","f","biomass","catch"
"RFS",0.0313821691655251,196047.1826,6588.9180188
