"Code","f","biomass","catch"
"RFS",0.0156551191463785,227252.234,3809.4536066
