"Code","f","biomass","catch"
"RFS",0.0470623145157477,150385.8886,7578.5032906
