"Code","f","biomass","catch"
"RFS",0.0627351312086219,117217.7086,7872.6268828
