"Code","f","biomass","catch"
"RFS",0.0940586772945271,74262.72666,7473.86812
