"Code","f","biomass","catch"
"RFS",0.0784005936556692,64870.3462,7779.377986
