"Code","f","biomass","catch"
"RFS",0.0938553673650967,74707.13088,7466.9779382
