"Code","f","biomass","catch"
"RFS",0.0156947217858046,259691.318,4365.4402878
