"Code","f","biomass","catch"
"RFS",0.0469501078820879,132699.1654,6659.5483124
