"Code","f","biomass","catch"
"RFS",0.0469501073888559,136995.6444,6873.74696
