"Code","f","biomass","catch"
"RFS",0.0424036378299001,157210.3406,6588.9180188
