"Code","this_f","f","biomass","catch"
"RFS",0.2,0.02090788196741,174604.9772,5847.4757214
