"Code","f","biomass","catch"
"RFS",0.150393207301654,38214.77838,7057.0199418
