"Code","f","biomass","catch"
"SBF",0.160266706972843,90201.20174,16452.772947
