"Code","f","biomass","catch"
"SBF",0.0691521889689088,133538.0508,14311.4297484
