"Code","f","biomass","catch"
"SBF",0.136294573410086,86147.9416,16639.7942372
