"Code","f","biomass","catch"
"SBF",0.191000703416159,55988.44374,16452.772947
