"Code","f","biomass","catch"
"SBF",0.137610237557701,73997.656,17967.4332396
