"Code","f","biomass","catch"
"SBF",0.114871086716434,135961.724,17616.9502416
