"Code","f","biomass","catch"
"SBF",0.0231248133475417,206488,6884.1606734
