"Code","f","biomass","catch"
"SBF",0.0691521847098228,191785.8996,14825.613362
