"Code","f","biomass","catch"
"SBF",0.108982606367561,111620.4354,16649.4711828
