"Code","f","biomass","catch"
"SBF",0.0691521847098228,137751.3276,14825.613362
