"Code","f","biomass","catch"
"SBF",0.137610237557701,115217.96,17967.4332396
