"Code","f","biomass","catch"
"SBF",0.160266698715862,98224.01542,17921.986308
