"Code","f","biomass","catch"
"SBF",0.137610239106143,74037.2078,17975.9003976
