"Code","f","biomass","catch"
"SBF",0.114871085426901,135894.2514,17608.69156
