"Code","f","biomass","catch"
"SBF",0.160266696864521,98174.22568,17913.3708966
