"Code","f","biomass","catch"
"SBF",0.13629456638321,90756.346,17616.9502416
