"Code","this_f","f","biomass","catch"
"SBF",0.2,0.0421445467524658,229110.5828,11774.7312936
