"Code","biomass","catch","f"
"SBF",98174.22568,17913.3708966,0.201461698331184
