"Code","f","biomass","catch"
"SBF",0.0231248121889872,274272.914,7029.2262872
