"Code","f","biomass","catch"
"SBF",0.137610246172671,107480.3056,16754.8519256
