"Code","f","biomass","catch"
"SBF",0.0920511119861514,161076.1754,16649.4711828
