"Code","f","biomass","catch"
"SBF",0.0920511176888726,107195.4968,15915.2384934
