"Code","f","biomass","catch"
"SBF",0.0461761435197474,229218.6964,11779.9409686
