"Code","f","biomass","catch"
"SBF",0.137610246172671,69371.0976,16754.8519256
