"Code","biomass","catch","f"
"SBF",274145.532,7026.1760008,0.0259635193419455
