"Code","f","biomass","catch"
"SBF",0.191000691177333,60621.11368,17913.3708966
