"Code","f","biomass","catch"
"SBF",0.0816975360436016,137751.3276,14825.613362
