"Code","f","biomass","catch"
"SBF",0.191000693418876,60654.25342,17921.986308
