"Code","this_f","f","biomass","catch"
"SBF",1,0.0637026443239914,135894.2514,17608.69156
