"Code","f","biomass","catch"
"SBF",0.0272065794461872,210048.788,7026.1760008
