"Code","biomass","catch","f"
"SBF",229110.5828,11774.7312936,0.0527609214441337
