"Code","f","biomass","catch"
"SBF",0.0231248121889872,210150.632,7029.2262872
