"Code","f","biomass","catch"
"SBF",0.0920511176888726,154024.8988,15915.2384934
