"Code","this_f","f","biomass","catch"
"SBF",0.75,0.0601259801918231,161076.1754,16649.4711828
