"Code","f","biomass","catch"
"SBF",0.0461761458431727,223066.0584,11460.9173368
