"Code","f","biomass","catch"
"SBF",0.108982613177582,107195.4968,15915.2384934
