"Code","f","biomass","catch"
"SBF",0.0691521854797633,191878.4832,14832.34524
