"Code","f","biomass","catch"
"SBF",0.0231248119343204,210048.788,7026.1760008
