"Code","f","biomass","catch"
"SBF",0.0691521889689088,185192.2668,14311.4297484
