"Code","f","biomass","catch"
"SBF",0.136294564836354,90708.3374,17608.69156
