"Code","f","biomass","catch"
"SBF",0.0816975411074174,133538.0508,14311.4297484
