"Code","f","biomass","catch"
"SBF",0.163633800118455,69371.0976,16754.8519256
