"Code","f","biomass","catch"
"SBF",0.0231248119343204,274145.532,7026.1760008
