"Code","f","biomass","catch"
"SBF",0.137610239106143,115275.3518,17975.9003976
