"Code","f","biomass","catch"
"SBF",0.0691521854797633,137821.3812,14832.34524
