"Code","f","biomass","catch"
"SBF",0.114871092574377,128461.0576,16639.7942372
