"Code","f","biomass","catch"
"SBF",0.0920511130083373,161154.6708,16657.1196192
