"Code","f","biomass","catch"
"SBF",0.0461761430168892,170198.3268,11774.7312936
