"Code","f","biomass","catch"
"SBF",0.114871085426901,90708.3374,17608.69156
