"Code","f","biomass","catch"
"SBF",0.114871092574377,86147.9416,16639.7942372
