"Code","f","biomass","catch"
"SBF",0.0231248133475417,268668.34,6884.1606734
