"Code","this_f","f","biomass","catch"
"SBF",NA,0.0648413904460701,98174.22568,17913.3708966
