"Code","f","biomass","catch"
"SBF",0.02720657974642,210150.632,7029.2262872
