"Code","f","biomass","catch"
"SBF",0.0461761458431727,166287.0964,11460.9173368
