"Code","f","biomass","catch"
"SBF",0.163633791602741,74037.2078,17975.9003976
