"Code","f","biomass","catch"
"SBF",0.0544389788233098,170198.3268,11774.7312936
