"Code","biomass","catch","f"
"SBF",191785.8996,14825.613362,0.0804543077221759
