"Code","f","biomass","catch"
"SBF",0.0544389821692435,166287.0964,11460.9173368
