"Code","biomass","catch","f"
"SBF",135894.2514,17608.69156,0.138775320413057
