"Code","f","biomass","catch"
"SBF",0.160266706972843,55988.44374,16452.772947
