"Code","biomass","catch","f"
"SBF",115217.96,17967.4332396,0.169535239844724
