"Code","f","biomass","catch"
"SBF",0.0920511130083373,111678.1468,16657.1196192
