"Code","this_f","f","biomass","catch"
"SBF",NA,0.0650435852439063,115217.96,17967.4332396
