"Code","f","biomass","catch"
"SBF",0.0461761435197474,170282.6484,11779.9409686
