"Code","f","biomass","catch"
"SBF",0.081697536959018,137821.3812,14832.34524
