"Code","this_f","f","biomass","catch"
"SBF",0.1,0.0249340650622934,274145.532,7026.1760008
