"Code","f","biomass","catch"
"SBF",0.0461761430168892,229110.5828,11774.7312936
