"Code","biomass","catch","f"
"SBF",161076.1754,16649.4711828,0.10910525060693
