"Code","f","biomass","catch"
"SBF",0.0272065811122677,206488,6884.1606734
