"Code","f","biomass","catch"
"SBF",0.160266696864521,60621.11368,17913.3708966
