"Code","f","biomass","catch"
"SBF",0.160266698715862,60654.25342,17921.986308
