"Code","f","biomass","catch"
"SBF",0.108982607588225,111678.1468,16657.1196192
