"Code","f","biomass","catch"
"SBF",0.0544389794186252,170282.6484,11779.9409686
