"Code","f","biomass","catch"
"SBF",0.0920511119861514,111620.4354,16649.4711828
