"Code","f","biomass","catch"
"SBF",0.114871086716434,90756.346,17616.9502416
