"Code","f","biomass","catch"
"SBF",0.163633789736748,73997.656,17967.4332396
