"Code","this_f","f","biomass","catch"
"SBF",0.5,0.053360410705231,191785.8996,14825.613362
